run_accession	sample_accession	experiment_accession	study_accession	tax_id	scientific_name	fastq_ftp	submitted_ftp	sra_ftp	bam_ftp
ERR4570829	SAMEA7294092	ERX4506490	PRJEB40242	410661	mouse gut metagenome	ftp.sra.ebi.ac.uk/vol1/fastq/ERR457/009/ERR4570829/ERR4570829_1.fastq.gz;ftp.sra.ebi.ac.uk/vol1/fastq/ERR457/009/ERR4570829/ERR4570829_2.fastq.gz	ftp.sra.ebi.ac.uk/vol1/run/ERR457/ERR4570829/S1_147A_S167_L001_R1_001.fastq.gz;ftp.sra.ebi.ac.uk/vol1/run/ERR457/ERR4570829/S1_147A_S167_L001_R2_001.fastq.gz	ftp.sra.ebi.ac.uk/vol1/err/ERR457/009/ERR4570829	
ERR4570831	SAMEA7294094	ERX4506492	PRJEB40242	410661	mouse gut metagenome	ftp.sra.ebi.ac.uk/vol1/fastq/ERR457/001/ERR4570831/ERR4570831_1.fastq.gz;ftp.sra.ebi.ac.uk/vol1/fastq/ERR457/001/ERR4570831/ERR4570831_2.fastq.gz	ftp.sra.ebi.ac.uk/vol1/run/ERR457/ERR4570831/S1_147C_S94_L001_R1_001.fastq.gz;ftp.sra.ebi.ac.uk/vol1/run/ERR457/ERR4570831/S1_147C_S94_L001_R2_001.fastq.gz	ftp.sra.ebi.ac.uk/vol1/err/ERR457/001/ERR4570831	
ERR4570833	SAMEA7294096	ERX4506494	PRJEB40242	410661	mouse gut metagenome	ftp.sra.ebi.ac.uk/vol1/fastq/ERR457/003/ERR4570833/ERR4570833_1.fastq.gz;ftp.sra.ebi.ac.uk/vol1/fastq/ERR457/003/ERR4570833/ERR4570833_2.fastq.gz	ftp.sra.ebi.ac.uk/vol1/run/ERR457/ERR4570833/S2_57B_S132_L001_R1_001.fastq.gz;ftp.sra.ebi.ac.uk/vol1/run/ERR457/ERR4570833/S2_57B_S132_L001_R2_001.fastq.gz	ftp.sra.ebi.ac.uk/vol1/err/ERR457/003/ERR4570833	
ERR4570837	SAMEA7294100	ERX4506498	PRJEB40242	410661	mouse gut metagenome	ftp.sra.ebi.ac.uk/vol1/fastq/ERR457/007/ERR4570837/ERR4570837_1.fastq.gz;ftp.sra.ebi.ac.uk/vol1/fastq/ERR457/007/ERR4570837/ERR4570837_2.fastq.gz	ftp.sra.ebi.ac.uk/vol1/run/ERR457/ERR4570837/S3_380D_S95_L001_R1_001.fastq.gz;ftp.sra.ebi.ac.uk/vol1/run/ERR457/ERR4570837/S3_380D_S95_L001_R2_001.fastq.gz	ftp.sra.ebi.ac.uk/vol1/err/ERR457/007/ERR4570837	
ERR4570841	SAMEA7294104	ERX4506502	PRJEB40242	410661	mouse gut metagenome	ftp.sra.ebi.ac.uk/vol1/fastq/ERR457/001/ERR4570841/ERR4570841_1.fastq.gz;ftp.sra.ebi.ac.uk/vol1/fastq/ERR457/001/ERR4570841/ERR4570841_2.fastq.gz	ftp.sra.ebi.ac.uk/vol1/run/ERR457/ERR4570841/S5_291B_S130_L001_R1_001.fastq.gz;ftp.sra.ebi.ac.uk/vol1/run/ERR457/ERR4570841/S5_291B_S130_L001_R2_001.fastq.gz	ftp.sra.ebi.ac.uk/vol1/err/ERR457/001/ERR4570841	
ERR4570843	SAMEA7294106	ERX4506504	PRJEB40242	410661	mouse gut metagenome	ftp.sra.ebi.ac.uk/vol1/fastq/ERR457/003/ERR4570843/ERR4570843_1.fastq.gz;ftp.sra.ebi.ac.uk/vol1/fastq/ERR457/003/ERR4570843/ERR4570843_2.fastq.gz	ftp.sra.ebi.ac.uk/vol1/run/ERR457/ERR4570843/S5_291D_S133_L001_R1_001.fastq.gz;ftp.sra.ebi.ac.uk/vol1/run/ERR457/ERR4570843/S5_291D_S133_L001_R2_001.fastq.gz	ftp.sra.ebi.ac.uk/vol1/err/ERR457/003/ERR4570843	
ERR4570846	SAMEA7294109	ERX4506507	PRJEB40242	410661	mouse gut metagenome	ftp.sra.ebi.ac.uk/vol1/fastq/ERR457/006/ERR4570846/ERR4570846_1.fastq.gz;ftp.sra.ebi.ac.uk/vol1/fastq/ERR457/006/ERR4570846/ERR4570846_2.fastq.gz	ftp.sra.ebi.ac.uk/vol1/run/ERR457/ERR4570846/S6_370C_S154_L001_R1_001.fastq.gz;ftp.sra.ebi.ac.uk/vol1/run/ERR457/ERR4570846/S6_370C_S154_L001_R2_001.fastq.gz	ftp.sra.ebi.ac.uk/vol1/err/ERR457/006/ERR4570846	
ERR4570850	SAMEA7294113	ERX4506511	PRJEB40242	410661	mouse gut metagenome	ftp.sra.ebi.ac.uk/vol1/fastq/ERR457/000/ERR4570850/ERR4570850_1.fastq.gz;ftp.sra.ebi.ac.uk/vol1/fastq/ERR457/000/ERR4570850/ERR4570850_2.fastq.gz	ftp.sra.ebi.ac.uk/vol1/run/ERR457/ERR4570850/S8_165B_S97_L001_R1_001.fastq.gz;ftp.sra.ebi.ac.uk/vol1/run/ERR457/ERR4570850/S8_165B_S97_L001_R2_001.fastq.gz	ftp.sra.ebi.ac.uk/vol1/err/ERR457/000/ERR4570850	
ERR4570856	SAMEA7294119	ERX4506517	PRJEB40242	410661	mouse gut metagenome	ftp.sra.ebi.ac.uk/vol1/fastq/ERR457/006/ERR4570856/ERR4570856_1.fastq.gz;ftp.sra.ebi.ac.uk/vol1/fastq/ERR457/006/ERR4570856/ERR4570856_2.fastq.gz	ftp.sra.ebi.ac.uk/vol1/run/ERR457/ERR4570856/147-17_S77_L001_R1_001.fastq.gz;ftp.sra.ebi.ac.uk/vol1/run/ERR457/ERR4570856/147-17_S77_L001_R2_001.fastq.gz	ftp.sra.ebi.ac.uk/vol1/err/ERR457/006/ERR4570856	
ERR4570857	SAMEA7294120	ERX4506518	PRJEB40242	410661	mouse gut metagenome	ftp.sra.ebi.ac.uk/vol1/fastq/ERR457/007/ERR4570857/ERR4570857_1.fastq.gz;ftp.sra.ebi.ac.uk/vol1/fastq/ERR457/007/ERR4570857/ERR4570857_2.fastq.gz	ftp.sra.ebi.ac.uk/vol1/run/ERR457/ERR4570857/147-22_S26_L001_R1_001.fastq.gz;ftp.sra.ebi.ac.uk/vol1/run/ERR457/ERR4570857/147-22_S26_L001_R2_001.fastq.gz	ftp.sra.ebi.ac.uk/vol1/err/ERR457/007/ERR4570857	
ERR4570860	SAMEA7294123	ERX4506521	PRJEB40242	410661	mouse gut metagenome	ftp.sra.ebi.ac.uk/vol1/fastq/ERR457/000/ERR4570860/ERR4570860_1.fastq.gz;ftp.sra.ebi.ac.uk/vol1/fastq/ERR457/000/ERR4570860/ERR4570860_2.fastq.gz	ftp.sra.ebi.ac.uk/vol1/run/ERR457/ERR4570860/147-25_S67_L001_R1_001.fastq.gz;ftp.sra.ebi.ac.uk/vol1/run/ERR457/ERR4570860/147-25_S67_L001_R2_001.fastq.gz	ftp.sra.ebi.ac.uk/vol1/err/ERR457/000/ERR4570860	
ERR4570862	SAMEA7294125	ERX4506523	PRJEB40242	410661	mouse gut metagenome	ftp.sra.ebi.ac.uk/vol1/fastq/ERR457/002/ERR4570862/ERR4570862_1.fastq.gz;ftp.sra.ebi.ac.uk/vol1/fastq/ERR457/002/ERR4570862/ERR4570862_2.fastq.gz	ftp.sra.ebi.ac.uk/vol1/run/ERR457/ERR4570862/147-32_S45_L001_R1_001.fastq.gz;ftp.sra.ebi.ac.uk/vol1/run/ERR457/ERR4570862/147-32_S45_L001_R2_001.fastq.gz	ftp.sra.ebi.ac.uk/vol1/err/ERR457/002/ERR4570862	
ERR4570870	SAMEA7294133	ERX4506531	PRJEB40242	410661	mouse gut metagenome	ftp.sra.ebi.ac.uk/vol1/fastq/ERR457/000/ERR4570870/ERR4570870_1.fastq.gz;ftp.sra.ebi.ac.uk/vol1/fastq/ERR457/000/ERR4570870/ERR4570870_2.fastq.gz	ftp.sra.ebi.ac.uk/vol1/run/ERR457/ERR4570870/147-45_S10_L001_R1_001.fastq.gz;ftp.sra.ebi.ac.uk/vol1/run/ERR457/ERR4570870/147-45_S10_L001_R2_001.fastq.gz	ftp.sra.ebi.ac.uk/vol1/err/ERR457/000/ERR4570870	
ERR4570873	SAMEA7294136	ERX4506534	PRJEB40242	410661	mouse gut metagenome	ftp.sra.ebi.ac.uk/vol1/fastq/ERR457/003/ERR4570873/ERR4570873_1.fastq.gz;ftp.sra.ebi.ac.uk/vol1/fastq/ERR457/003/ERR4570873/ERR4570873_2.fastq.gz	ftp.sra.ebi.ac.uk/vol1/run/ERR457/ERR4570873/147-53_S48_L001_R1_001.fastq.gz;ftp.sra.ebi.ac.uk/vol1/run/ERR457/ERR4570873/147-53_S48_L001_R2_001.fastq.gz		ftp.sra.ebi.ac.uk/vol1/err/ERR457/003/ERR4570873.bam
ERR4570876	SAMEA7294139	ERX4506537	PRJEB40242	410661	mouse gut metagenome	ftp.sra.ebi.ac.uk/vol1/fastq/ERR457/006/ERR4570876/ERR4570876_1.fastq.gz;ftp.sra.ebi.ac.uk/vol1/fastq/ERR457/006/ERR4570876/ERR4570876_2.fastq.gz	ftp.sra.ebi.ac.uk/vol1/run/ERR457/ERR4570876/147-56_S75_L001_R1_001.fastq.gz;ftp.sra.ebi.ac.uk/vol1/run/ERR457/ERR4570876/147-56_S75_L001_R2_001.fastq.gz	ftp.sra.ebi.ac.uk/vol1/err/ERR457/006/ERR4570876	
ERR4570893	SAMEA7294156	ERX4506554	PRJEB40242	410661	mouse gut metagenome	ftp.sra.ebi.ac.uk/vol1/fastq/ERR457/003/ERR4570893/ERR4570893_1.fastq.gz;ftp.sra.ebi.ac.uk/vol1/fastq/ERR457/003/ERR4570893/ERR4570893_2.fastq.gz	ftp.sra.ebi.ac.uk/vol1/run/ERR457/ERR4570893/165-28_S101_L001_R1_001.fastq.gz;ftp.sra.ebi.ac.uk/vol1/run/ERR457/ERR4570893/165-28_S101_L001_R2_001.fastq.gz	ftp.sra.ebi.ac.uk/vol1/err/ERR457/003/ERR4570893	
ERR4570896	SAMEA7294159	ERX4506557	PRJEB40242	410661	mouse gut metagenome	ftp.sra.ebi.ac.uk/vol1/fastq/ERR457/006/ERR4570896/ERR4570896_1.fastq.gz;ftp.sra.ebi.ac.uk/vol1/fastq/ERR457/006/ERR4570896/ERR4570896_2.fastq.gz	ftp.sra.ebi.ac.uk/vol1/run/ERR457/ERR4570896/165-36_S19_L001_R1_001.fastq.gz;ftp.sra.ebi.ac.uk/vol1/run/ERR457/ERR4570896/165-36_S19_L001_R2_001.fastq.gz	ftp.sra.ebi.ac.uk/vol1/err/ERR457/006/ERR4570896	
ERR4570897	SAMEA7294160	ERX4506558	PRJEB40242	410661	mouse gut metagenome	ftp.sra.ebi.ac.uk/vol1/fastq/ERR457/007/ERR4570897/ERR4570897_1.fastq.gz;ftp.sra.ebi.ac.uk/vol1/fastq/ERR457/007/ERR4570897/ERR4570897_2.fastq.gz	ftp.sra.ebi.ac.uk/vol1/run/ERR457/ERR4570897/165-37_S137_L001_R1_001.fastq.gz;ftp.sra.ebi.ac.uk/vol1/run/ERR457/ERR4570897/165-37_S137_L001_R2_001.fastq.gz	ftp.sra.ebi.ac.uk/vol1/err/ERR457/007/ERR4570897	
ERR4570902	SAMEA7294165	ERX4506563	PRJEB40242	410661	mouse gut metagenome	ftp.sra.ebi.ac.uk/vol1/fastq/ERR457/002/ERR4570902/ERR4570902_1.fastq.gz;ftp.sra.ebi.ac.uk/vol1/fastq/ERR457/002/ERR4570902/ERR4570902_2.fastq.gz	ftp.sra.ebi.ac.uk/vol1/run/ERR457/ERR4570902/165-48_S7_L001_R1_001.fastq.gz;ftp.sra.ebi.ac.uk/vol1/run/ERR457/ERR4570902/165-48_S7_L001_R2_001.fastq.gz	ftp.sra.ebi.ac.uk/vol1/err/ERR457/002/ERR4570902	
ERR4570904	SAMEA7294167	ERX4506565	PRJEB40242	410661	mouse gut metagenome	ftp.sra.ebi.ac.uk/vol1/fastq/ERR457/004/ERR4570904/ERR4570904_1.fastq.gz;ftp.sra.ebi.ac.uk/vol1/fastq/ERR457/004/ERR4570904/ERR4570904_2.fastq.gz	ftp.sra.ebi.ac.uk/vol1/run/ERR457/ERR4570904/165-50_S57_L001_R1_001.fastq.gz;ftp.sra.ebi.ac.uk/vol1/run/ERR457/ERR4570904/165-50_S57_L001_R2_001.fastq.gz	ftp.sra.ebi.ac.uk/vol1/err/ERR457/004/ERR4570904	
ERR4570908	SAMEA7294172	ERX4506569	PRJEB40242	410661	mouse gut metagenome	ftp.sra.ebi.ac.uk/vol1/fastq/ERR457/008/ERR4570908/ERR4570908_1.fastq.gz;ftp.sra.ebi.ac.uk/vol1/fastq/ERR457/008/ERR4570908/ERR4570908_2.fastq.gz	ftp.sra.ebi.ac.uk/vol1/run/ERR457/ERR4570908/165-59_S66_L001_R1_001.fastq.gz;ftp.sra.ebi.ac.uk/vol1/run/ERR457/ERR4570908/165-59_S66_L001_R2_001.fastq.gz	ftp.sra.ebi.ac.uk/vol1/err/ERR457/008/ERR4570908	
ERR4570914	SAMEA7294178	ERX4506575	PRJEB40242	410661	mouse gut metagenome	ftp.sra.ebi.ac.uk/vol1/fastq/ERR457/004/ERR4570914/ERR4570914_1.fastq.gz;ftp.sra.ebi.ac.uk/vol1/fastq/ERR457/004/ERR4570914/ERR4570914_2.fastq.gz	ftp.sra.ebi.ac.uk/vol1/run/ERR457/ERR4570914/165H_S11_L001_R1_001.fastq.gz;ftp.sra.ebi.ac.uk/vol1/run/ERR457/ERR4570914/165H_S11_L001_R2_001.fastq.gz	ftp.sra.ebi.ac.uk/vol1/err/ERR457/004/ERR4570914	
ERR4570835	SAMEA7294098	ERX4506496	PRJEB40242	410661	mouse gut metagenome	ftp.sra.ebi.ac.uk/vol1/fastq/ERR457/005/ERR4570835/ERR4570835_1.fastq.gz;ftp.sra.ebi.ac.uk/vol1/fastq/ERR457/005/ERR4570835/ERR4570835_2.fastq.gz	ftp.sra.ebi.ac.uk/vol1/run/ERR457/ERR4570835/S3_380B_S157_L001_R1_001.fastq.gz;ftp.sra.ebi.ac.uk/vol1/run/ERR457/ERR4570835/S3_380B_S157_L001_R2_001.fastq.gz	ftp.sra.ebi.ac.uk/vol1/err/ERR457/005/ERR4570835	
ERR4570836	SAMEA7294099	ERX4506497	PRJEB40242	410661	mouse gut metagenome	ftp.sra.ebi.ac.uk/vol1/fastq/ERR457/006/ERR4570836/ERR4570836_1.fastq.gz;ftp.sra.ebi.ac.uk/vol1/fastq/ERR457/006/ERR4570836/ERR4570836_2.fastq.gz	ftp.sra.ebi.ac.uk/vol1/run/ERR457/ERR4570836/S3_380C_S83_L001_R1_001.fastq.gz;ftp.sra.ebi.ac.uk/vol1/run/ERR457/ERR4570836/S3_380C_S83_L001_R2_001.fastq.gz	ftp.sra.ebi.ac.uk/vol1/err/ERR457/006/ERR4570836	
ERR4570844	SAMEA7294107	ERX4506505	PRJEB40242	410661	mouse gut metagenome	ftp.sra.ebi.ac.uk/vol1/fastq/ERR457/004/ERR4570844/ERR4570844_1.fastq.gz;ftp.sra.ebi.ac.uk/vol1/fastq/ERR457/004/ERR4570844/ERR4570844_2.fastq.gz	ftp.sra.ebi.ac.uk/vol1/run/ERR457/ERR4570844/S6_370A_S142_L001_R1_001.fastq.gz;ftp.sra.ebi.ac.uk/vol1/run/ERR457/ERR4570844/S6_370A_S142_L001_R2_001.fastq.gz	ftp.sra.ebi.ac.uk/vol1/err/ERR457/004/ERR4570844	
ERR4570845	SAMEA7294108	ERX4506506	PRJEB40242	410661	mouse gut metagenome	ftp.sra.ebi.ac.uk/vol1/fastq/ERR457/005/ERR4570845/ERR4570845_1.fastq.gz;ftp.sra.ebi.ac.uk/vol1/fastq/ERR457/005/ERR4570845/ERR4570845_2.fastq.gz	ftp.sra.ebi.ac.uk/vol1/run/ERR457/ERR4570845/S6_370B_S145_L001_R1_001.fastq.gz;ftp.sra.ebi.ac.uk/vol1/run/ERR457/ERR4570845/S6_370B_S145_L001_R2_001.fastq.gz	ftp.sra.ebi.ac.uk/vol1/err/ERR457/005/ERR4570845	
ERR4570847	SAMEA7294110	ERX4506508	PRJEB40242	410661	mouse gut metagenome	ftp.sra.ebi.ac.uk/vol1/fastq/ERR457/007/ERR4570847/ERR4570847_1.fastq.gz;ftp.sra.ebi.ac.uk/vol1/fastq/ERR457/007/ERR4570847/ERR4570847_2.fastq.gz	ftp.sra.ebi.ac.uk/vol1/run/ERR457/ERR4570847/S7_43A_S141_L001_R1_001.fastq.gz;ftp.sra.ebi.ac.uk/vol1/run/ERR457/ERR4570847/S7_43A_S141_L001_R2_001.fastq.gz	ftp.sra.ebi.ac.uk/vol1/err/ERR457/007/ERR4570847	
ERR4570849	SAMEA7294112	ERX4506510	PRJEB40242	410661	mouse gut metagenome	ftp.sra.ebi.ac.uk/vol1/fastq/ERR457/009/ERR4570849/ERR4570849_1.fastq.gz;ftp.sra.ebi.ac.uk/vol1/fastq/ERR457/009/ERR4570849/ERR4570849_2.fastq.gz	ftp.sra.ebi.ac.uk/vol1/run/ERR457/ERR4570849/S8_165A_S106_L001_R1_001.fastq.gz;ftp.sra.ebi.ac.uk/vol1/run/ERR457/ERR4570849/S8_165A_S106_L001_R2_001.fastq.gz	ftp.sra.ebi.ac.uk/vol1/err/ERR457/009/ERR4570849	
ERR4570853	SAMEA7294116	ERX4506514	PRJEB40242	410661	mouse gut metagenome	ftp.sra.ebi.ac.uk/vol1/fastq/ERR457/003/ERR4570853/ERR4570853_1.fastq.gz;ftp.sra.ebi.ac.uk/vol1/fastq/ERR457/003/ERR4570853/ERR4570853_2.fastq.gz	ftp.sra.ebi.ac.uk/vol1/run/ERR457/ERR4570853/147-14_S112_L001_R1_001.fastq.gz;ftp.sra.ebi.ac.uk/vol1/run/ERR457/ERR4570853/147-14_S112_L001_R2_001.fastq.gz	ftp.sra.ebi.ac.uk/vol1/err/ERR457/003/ERR4570853	
ERR4570859	SAMEA7294122	ERX4506520	PRJEB40242	410661	mouse gut metagenome	ftp.sra.ebi.ac.uk/vol1/fastq/ERR457/009/ERR4570859/ERR4570859_1.fastq.gz;ftp.sra.ebi.ac.uk/vol1/fastq/ERR457/009/ERR4570859/ERR4570859_2.fastq.gz	ftp.sra.ebi.ac.uk/vol1/run/ERR457/ERR4570859/147-24_S89_L001_R1_001.fastq.gz;ftp.sra.ebi.ac.uk/vol1/run/ERR457/ERR4570859/147-24_S89_L001_R2_001.fastq.gz	ftp.sra.ebi.ac.uk/vol1/err/ERR457/009/ERR4570859	
ERR4570865	SAMEA7294128	ERX4506526	PRJEB40242	410661	mouse gut metagenome	ftp.sra.ebi.ac.uk/vol1/fastq/ERR457/005/ERR4570865/ERR4570865_1.fastq.gz;ftp.sra.ebi.ac.uk/vol1/fastq/ERR457/005/ERR4570865/ERR4570865_2.fastq.gz	ftp.sra.ebi.ac.uk/vol1/run/ERR457/ERR4570865/147-35_S2_L001_R1_001.fastq.gz;ftp.sra.ebi.ac.uk/vol1/run/ERR457/ERR4570865/147-35_S2_L001_R2_001.fastq.gz	ftp.sra.ebi.ac.uk/vol1/err/ERR457/005/ERR4570865	
ERR4570866	SAMEA7294129	ERX4506527	PRJEB40242	410661	mouse gut metagenome	ftp.sra.ebi.ac.uk/vol1/fastq/ERR457/006/ERR4570866/ERR4570866_1.fastq.gz;ftp.sra.ebi.ac.uk/vol1/fastq/ERR457/006/ERR4570866/ERR4570866_2.fastq.gz	ftp.sra.ebi.ac.uk/vol1/run/ERR457/ERR4570866/147-36_S81_L001_R1_001.fastq.gz;ftp.sra.ebi.ac.uk/vol1/run/ERR457/ERR4570866/147-36_S81_L001_R2_001.fastq.gz	ftp.sra.ebi.ac.uk/vol1/err/ERR457/006/ERR4570866	
ERR4570868	SAMEA7294131	ERX4506529	PRJEB40242	410661	mouse gut metagenome	ftp.sra.ebi.ac.uk/vol1/fastq/ERR457/008/ERR4570868/ERR4570868_1.fastq.gz;ftp.sra.ebi.ac.uk/vol1/fastq/ERR457/008/ERR4570868/ERR4570868_2.fastq.gz	ftp.sra.ebi.ac.uk/vol1/run/ERR457/ERR4570868/147-43_S117_L001_R1_001.fastq.gz;ftp.sra.ebi.ac.uk/vol1/run/ERR457/ERR4570868/147-43_S117_L001_R2_001.fastq.gz	ftp.sra.ebi.ac.uk/vol1/err/ERR457/008/ERR4570868	
ERR4570830	SAMEA7294093	ERX4506491	PRJEB40242	410661	mouse gut metagenome	ftp.sra.ebi.ac.uk/vol1/fastq/ERR457/000/ERR4570830/ERR4570830_1.fastq.gz;ftp.sra.ebi.ac.uk/vol1/fastq/ERR457/000/ERR4570830/ERR4570830_2.fastq.gz	ftp.sra.ebi.ac.uk/vol1/run/ERR457/ERR4570830/S1_147B_S85_L001_R1_001.fastq.gz;ftp.sra.ebi.ac.uk/vol1/run/ERR457/ERR4570830/S1_147B_S85_L001_R2_001.fastq.gz	ftp.sra.ebi.ac.uk/vol1/err/ERR457/000/ERR4570830	
ERR4570871	SAMEA7294134	ERX4506532	PRJEB40242	410661	mouse gut metagenome	ftp.sra.ebi.ac.uk/vol1/fastq/ERR457/001/ERR4570871/ERR4570871_1.fastq.gz;ftp.sra.ebi.ac.uk/vol1/fastq/ERR457/001/ERR4570871/ERR4570871_2.fastq.gz	ftp.sra.ebi.ac.uk/vol1/run/ERR457/ERR4570871/147-46_S37_L001_R1_001.fastq.gz;ftp.sra.ebi.ac.uk/vol1/run/ERR457/ERR4570871/147-46_S37_L001_R2_001.fastq.gz	ftp.sra.ebi.ac.uk/vol1/err/ERR457/001/ERR4570871	
ERR4570832	SAMEA7294095	ERX4506493	PRJEB40242	410661	mouse gut metagenome	ftp.sra.ebi.ac.uk/vol1/fastq/ERR457/002/ERR4570832/ERR4570832_1.fastq.gz;ftp.sra.ebi.ac.uk/vol1/fastq/ERR457/002/ERR4570832/ERR4570832_2.fastq.gz	ftp.sra.ebi.ac.uk/vol1/run/ERR457/ERR4570832/S2_57A_S153_L001_R1_001.fastq.gz;ftp.sra.ebi.ac.uk/vol1/run/ERR457/ERR4570832/S2_57A_S153_L001_R2_001.fastq.gz	ftp.sra.ebi.ac.uk/vol1/err/ERR457/002/ERR4570832	
ERR4570879	SAMEA7294142	ERX4506540	PRJEB40242	410661	mouse gut metagenome	ftp.sra.ebi.ac.uk/vol1/fastq/ERR457/009/ERR4570879/ERR4570879_1.fastq.gz;ftp.sra.ebi.ac.uk/vol1/fastq/ERR457/009/ERR4570879/ERR4570879_2.fastq.gz	ftp.sra.ebi.ac.uk/vol1/run/ERR457/ERR4570879/147-8_S25_L001_R1_001.fastq.gz;ftp.sra.ebi.ac.uk/vol1/run/ERR457/ERR4570879/147-8_S25_L001_R2_001.fastq.gz	ftp.sra.ebi.ac.uk/vol1/err/ERR457/009/ERR4570879	
ERR4570834	SAMEA7294097	ERX4506495	PRJEB40242	410661	mouse gut metagenome	ftp.sra.ebi.ac.uk/vol1/fastq/ERR457/004/ERR4570834/ERR4570834_1.fastq.gz;ftp.sra.ebi.ac.uk/vol1/fastq/ERR457/004/ERR4570834/ERR4570834_2.fastq.gz	ftp.sra.ebi.ac.uk/vol1/run/ERR457/ERR4570834/S3_380A_S165_L001_R1_001.fastq.gz;ftp.sra.ebi.ac.uk/vol1/run/ERR457/ERR4570834/S3_380A_S165_L001_R2_001.fastq.gz	ftp.sra.ebi.ac.uk/vol1/err/ERR457/004/ERR4570834	
ERR4570880	SAMEA7294143	ERX4506541	PRJEB40242	410661	mouse gut metagenome	ftp.sra.ebi.ac.uk/vol1/fastq/ERR457/000/ERR4570880/ERR4570880_1.fastq.gz;ftp.sra.ebi.ac.uk/vol1/fastq/ERR457/000/ERR4570880/ERR4570880_2.fastq.gz	ftp.sra.ebi.ac.uk/vol1/run/ERR457/ERR4570880/147G_S55_L001_R1_001.fastq.gz;ftp.sra.ebi.ac.uk/vol1/run/ERR457/ERR4570880/147G_S55_L001_R2_001.fastq.gz	ftp.sra.ebi.ac.uk/vol1/err/ERR457/000/ERR4570880	
ERR4570838	SAMEA7294101	ERX4506499	PRJEB40242	410661	mouse gut metagenome	ftp.sra.ebi.ac.uk/vol1/fastq/ERR457/008/ERR4570838/ERR4570838_1.fastq.gz;ftp.sra.ebi.ac.uk/vol1/fastq/ERR457/008/ERR4570838/ERR4570838_2.fastq.gz	ftp.sra.ebi.ac.uk/vol1/run/ERR457/ERR4570838/S4_82A_S144_L001_R1_001.fastq.gz;ftp.sra.ebi.ac.uk/vol1/run/ERR457/ERR4570838/S4_82A_S144_L001_R2_001.fastq.gz	ftp.sra.ebi.ac.uk/vol1/err/ERR457/008/ERR4570838	
ERR4570881	SAMEA7294144	ERX4506542	PRJEB40242	410661	mouse gut metagenome	ftp.sra.ebi.ac.uk/vol1/fastq/ERR457/001/ERR4570881/ERR4570881_1.fastq.gz;ftp.sra.ebi.ac.uk/vol1/fastq/ERR457/001/ERR4570881/ERR4570881_2.fastq.gz	ftp.sra.ebi.ac.uk/vol1/run/ERR457/ERR4570881/147H_S79_L001_R1_001.fastq.gz;ftp.sra.ebi.ac.uk/vol1/run/ERR457/ERR4570881/147H_S79_L001_R2_001.fastq.gz	ftp.sra.ebi.ac.uk/vol1/err/ERR457/001/ERR4570881	
ERR4570839	SAMEA7294102	ERX4506500	PRJEB40242	410661	mouse gut metagenome	ftp.sra.ebi.ac.uk/vol1/fastq/ERR457/009/ERR4570839/ERR4570839_1.fastq.gz;ftp.sra.ebi.ac.uk/vol1/fastq/ERR457/009/ERR4570839/ERR4570839_2.fastq.gz	ftp.sra.ebi.ac.uk/vol1/run/ERR457/ERR4570839/S4_82B_S164_L001_R1_001.fastq.gz;ftp.sra.ebi.ac.uk/vol1/run/ERR457/ERR4570839/S4_82B_S164_L001_R2_001.fastq.gz	ftp.sra.ebi.ac.uk/vol1/err/ERR457/009/ERR4570839	
ERR4570885	SAMEA7294148	ERX4506546	PRJEB40242	410661	mouse gut metagenome	ftp.sra.ebi.ac.uk/vol1/fastq/ERR457/005/ERR4570885/ERR4570885_1.fastq.gz;ftp.sra.ebi.ac.uk/vol1/fastq/ERR457/005/ERR4570885/ERR4570885_2.fastq.gz	ftp.sra.ebi.ac.uk/vol1/run/ERR457/ERR4570885/165-15_S124_L001_R1_001.fastq.gz;ftp.sra.ebi.ac.uk/vol1/run/ERR457/ERR4570885/165-15_S124_L001_R2_001.fastq.gz	ftp.sra.ebi.ac.uk/vol1/err/ERR457/005/ERR4570885	
ERR4570889	SAMEA7294152	ERX4506550	PRJEB40242	410661	mouse gut metagenome	ftp.sra.ebi.ac.uk/vol1/fastq/ERR457/009/ERR4570889/ERR4570889_1.fastq.gz;ftp.sra.ebi.ac.uk/vol1/fastq/ERR457/009/ERR4570889/ERR4570889_2.fastq.gz	ftp.sra.ebi.ac.uk/vol1/run/ERR457/ERR4570889/165-19_S51_L001_R1_001.fastq.gz;ftp.sra.ebi.ac.uk/vol1/run/ERR457/ERR4570889/165-19_S51_L001_R2_001.fastq.gz	ftp.sra.ebi.ac.uk/vol1/err/ERR457/009/ERR4570889	
ERR4570840	SAMEA7294103	ERX4506501	PRJEB40242	410661	mouse gut metagenome	ftp.sra.ebi.ac.uk/vol1/fastq/ERR457/000/ERR4570840/ERR4570840_1.fastq.gz;ftp.sra.ebi.ac.uk/vol1/fastq/ERR457/000/ERR4570840/ERR4570840_2.fastq.gz	ftp.sra.ebi.ac.uk/vol1/run/ERR457/ERR4570840/S5_291A_S118_L001_R1_001.fastq.gz;ftp.sra.ebi.ac.uk/vol1/run/ERR457/ERR4570840/S5_291A_S118_L001_R2_001.fastq.gz	ftp.sra.ebi.ac.uk/vol1/err/ERR457/000/ERR4570840	
ERR4570890	SAMEA7294153	ERX4506551	PRJEB40242	410661	mouse gut metagenome	ftp.sra.ebi.ac.uk/vol1/fastq/ERR457/000/ERR4570890/ERR4570890_1.fastq.gz;ftp.sra.ebi.ac.uk/vol1/fastq/ERR457/000/ERR4570890/ERR4570890_2.fastq.gz	ftp.sra.ebi.ac.uk/vol1/run/ERR457/ERR4570890/165-20_S162_L001_R1_001.fastq.gz;ftp.sra.ebi.ac.uk/vol1/run/ERR457/ERR4570890/165-20_S162_L001_R2_001.fastq.gz	ftp.sra.ebi.ac.uk/vol1/err/ERR457/000/ERR4570890	
ERR4570842	SAMEA7294105	ERX4506503	PRJEB40242	410661	mouse gut metagenome	ftp.sra.ebi.ac.uk/vol1/fastq/ERR457/002/ERR4570842/ERR4570842_1.fastq.gz;ftp.sra.ebi.ac.uk/vol1/fastq/ERR457/002/ERR4570842/ERR4570842_2.fastq.gz	ftp.sra.ebi.ac.uk/vol1/run/ERR457/ERR4570842/S5_291C_S121_L001_R1_001.fastq.gz;ftp.sra.ebi.ac.uk/vol1/run/ERR457/ERR4570842/S5_291C_S121_L001_R2_001.fastq.gz	ftp.sra.ebi.ac.uk/vol1/err/ERR457/002/ERR4570842	
ERR4570891	SAMEA7294154	ERX4506552	PRJEB40242	410661	mouse gut metagenome	ftp.sra.ebi.ac.uk/vol1/fastq/ERR457/001/ERR4570891/ERR4570891_1.fastq.gz;ftp.sra.ebi.ac.uk/vol1/fastq/ERR457/001/ERR4570891/ERR4570891_2.fastq.gz	ftp.sra.ebi.ac.uk/vol1/run/ERR457/ERR4570891/165-21_S28_L001_R1_001.fastq.gz;ftp.sra.ebi.ac.uk/vol1/run/ERR457/ERR4570891/165-21_S28_L001_R2_001.fastq.gz	ftp.sra.ebi.ac.uk/vol1/err/ERR457/001/ERR4570891	
ERR4570848	SAMEA7294111	ERX4506509	PRJEB40242	410661	mouse gut metagenome	ftp.sra.ebi.ac.uk/vol1/fastq/ERR457/008/ERR4570848/ERR4570848_1.fastq.gz;ftp.sra.ebi.ac.uk/vol1/fastq/ERR457/008/ERR4570848/ERR4570848_2.fastq.gz	ftp.sra.ebi.ac.uk/vol1/run/ERR457/ERR4570848/S7_43B_S120_L001_R1_001.fastq.gz;ftp.sra.ebi.ac.uk/vol1/run/ERR457/ERR4570848/S7_43B_S120_L001_R2_001.fastq.gz	ftp.sra.ebi.ac.uk/vol1/err/ERR457/008/ERR4570848	
ERR4570892	SAMEA7294155	ERX4506553	PRJEB40242	410661	mouse gut metagenome	ftp.sra.ebi.ac.uk/vol1/fastq/ERR457/002/ERR4570892/ERR4570892_1.fastq.gz;ftp.sra.ebi.ac.uk/vol1/fastq/ERR457/002/ERR4570892/ERR4570892_2.fastq.gz	ftp.sra.ebi.ac.uk/vol1/run/ERR457/ERR4570892/165-27_S92_L001_R1_001.fastq.gz;ftp.sra.ebi.ac.uk/vol1/run/ERR457/ERR4570892/165-27_S92_L001_R2_001.fastq.gz	ftp.sra.ebi.ac.uk/vol1/err/ERR457/002/ERR4570892	
ERR4570851	SAMEA7294114	ERX4506512	PRJEB40242	410661	mouse gut metagenome	ftp.sra.ebi.ac.uk/vol1/fastq/ERR457/001/ERR4570851/ERR4570851_1.fastq.gz;ftp.sra.ebi.ac.uk/vol1/fastq/ERR457/001/ERR4570851/ERR4570851_2.fastq.gz	ftp.sra.ebi.ac.uk/vol1/run/ERR457/ERR4570851/S8_165C_S109_L001_R1_001.fastq.gz;ftp.sra.ebi.ac.uk/vol1/run/ERR457/ERR4570851/S8_165C_S109_L001_R2_001.fastq.gz	ftp.sra.ebi.ac.uk/vol1/err/ERR457/001/ERR4570851	
ERR4570894	SAMEA7294157	ERX4506555	PRJEB40242	410661	mouse gut metagenome	ftp.sra.ebi.ac.uk/vol1/fastq/ERR457/004/ERR4570894/ERR4570894_1.fastq.gz;ftp.sra.ebi.ac.uk/vol1/fastq/ERR457/004/ERR4570894/ERR4570894_2.fastq.gz	ftp.sra.ebi.ac.uk/vol1/run/ERR457/ERR4570894/165-29_S80_L001_R1_001.fastq.gz;ftp.sra.ebi.ac.uk/vol1/run/ERR457/ERR4570894/165-29_S80_L001_R2_001.fastq.gz	ftp.sra.ebi.ac.uk/vol1/err/ERR457/004/ERR4570894	
ERR4570852	SAMEA7294115	ERX4506513	PRJEB40242	410661	mouse gut metagenome	ftp.sra.ebi.ac.uk/vol1/fastq/ERR457/002/ERR4570852/ERR4570852_1.fastq.gz;ftp.sra.ebi.ac.uk/vol1/fastq/ERR457/002/ERR4570852/ERR4570852_2.fastq.gz	ftp.sra.ebi.ac.uk/vol1/run/ERR457/ERR4570852/147-13_S103_L001_R1_001.fastq.gz;ftp.sra.ebi.ac.uk/vol1/run/ERR457/ERR4570852/147-13_S103_L001_R2_001.fastq.gz	ftp.sra.ebi.ac.uk/vol1/err/ERR457/002/ERR4570852	
ERR4570895	SAMEA7294158	ERX4506556	PRJEB40242	410661	mouse gut metagenome	ftp.sra.ebi.ac.uk/vol1/fastq/ERR457/005/ERR4570895/ERR4570895_1.fastq.gz;ftp.sra.ebi.ac.uk/vol1/fastq/ERR457/005/ERR4570895/ERR4570895_2.fastq.gz	ftp.sra.ebi.ac.uk/vol1/run/ERR457/ERR4570895/165-30_S58_L001_R1_001.fastq.gz;ftp.sra.ebi.ac.uk/vol1/run/ERR457/ERR4570895/165-30_S58_L001_R2_001.fastq.gz	ftp.sra.ebi.ac.uk/vol1/err/ERR457/005/ERR4570895	
ERR4570854	SAMEA7294117	ERX4506515	PRJEB40242	410661	mouse gut metagenome	ftp.sra.ebi.ac.uk/vol1/fastq/ERR457/004/ERR4570854/ERR4570854_1.fastq.gz;ftp.sra.ebi.ac.uk/vol1/fastq/ERR457/004/ERR4570854/ERR4570854_2.fastq.gz	ftp.sra.ebi.ac.uk/vol1/run/ERR457/ERR4570854/147-15_S53_L001_R1_001.fastq.gz;ftp.sra.ebi.ac.uk/vol1/run/ERR457/ERR4570854/147-15_S53_L001_R2_001.fastq.gz	ftp.sra.ebi.ac.uk/vol1/err/ERR457/004/ERR4570854	
ERR4570898	SAMEA7294161	ERX4506559	PRJEB40242	410661	mouse gut metagenome	ftp.sra.ebi.ac.uk/vol1/fastq/ERR457/008/ERR4570898/ERR4570898_1.fastq.gz;ftp.sra.ebi.ac.uk/vol1/fastq/ERR457/008/ERR4570898/ERR4570898_2.fastq.gz	ftp.sra.ebi.ac.uk/vol1/run/ERR457/ERR4570898/165-38_S36_L001_R1_001.fastq.gz;ftp.sra.ebi.ac.uk/vol1/run/ERR457/ERR4570898/165-38_S36_L001_R2_001.fastq.gz	ftp.sra.ebi.ac.uk/vol1/err/ERR457/008/ERR4570898	
ERR4570903	SAMEA7294166	ERX4506564	PRJEB40242	410661	mouse gut metagenome	ftp.sra.ebi.ac.uk/vol1/fastq/ERR457/003/ERR4570903/ERR4570903_1.fastq.gz;ftp.sra.ebi.ac.uk/vol1/fastq/ERR457/003/ERR4570903/ERR4570903_2.fastq.gz	ftp.sra.ebi.ac.uk/vol1/run/ERR457/ERR4570903/165-49_S59_L001_R1_001.fastq.gz;ftp.sra.ebi.ac.uk/vol1/run/ERR457/ERR4570903/165-49_S59_L001_R2_001.fastq.gz	ftp.sra.ebi.ac.uk/vol1/err/ERR457/003/ERR4570903	
ERR4570855	SAMEA7294118	ERX4506516	PRJEB40242	410661	mouse gut metagenome	ftp.sra.ebi.ac.uk/vol1/fastq/ERR457/005/ERR4570855/ERR4570855_1.fastq.gz;ftp.sra.ebi.ac.uk/vol1/fastq/ERR457/005/ERR4570855/ERR4570855_2.fastq.gz	ftp.sra.ebi.ac.uk/vol1/run/ERR457/ERR4570855/147-16_S151_L001_R1_001.fastq.gz;ftp.sra.ebi.ac.uk/vol1/run/ERR457/ERR4570855/147-16_S151_L001_R2_001.fastq.gz	ftp.sra.ebi.ac.uk/vol1/err/ERR457/005/ERR4570855	
ERR4570906	SAMEA7294170	ERX4506567	PRJEB40242	410661	mouse gut metagenome	ftp.sra.ebi.ac.uk/vol1/fastq/ERR457/006/ERR4570906/ERR4570906_1.fastq.gz;ftp.sra.ebi.ac.uk/vol1/fastq/ERR457/006/ERR4570906/ERR4570906_2.fastq.gz	ftp.sra.ebi.ac.uk/vol1/run/ERR457/ERR4570906/165-57_S43_L001_R1_001.fastq.gz;ftp.sra.ebi.ac.uk/vol1/run/ERR457/ERR4570906/165-57_S43_L001_R2_001.fastq.gz	ftp.sra.ebi.ac.uk/vol1/err/ERR457/006/ERR4570906	
ERR4570909	SAMEA7294173	ERX4506570	PRJEB40242	410661	mouse gut metagenome	ftp.sra.ebi.ac.uk/vol1/fastq/ERR457/009/ERR4570909/ERR4570909_1.fastq.gz;ftp.sra.ebi.ac.uk/vol1/fastq/ERR457/009/ERR4570909/ERR4570909_2.fastq.gz	ftp.sra.ebi.ac.uk/vol1/run/ERR457/ERR4570909/165-60_S52_L001_R1_001.fastq.gz;ftp.sra.ebi.ac.uk/vol1/run/ERR457/ERR4570909/165-60_S52_L001_R2_001.fastq.gz	ftp.sra.ebi.ac.uk/vol1/err/ERR457/009/ERR4570909	
ERR4570858	SAMEA7294121	ERX4506519	PRJEB40242	410661	mouse gut metagenome	ftp.sra.ebi.ac.uk/vol1/fastq/ERR457/008/ERR4570858/ERR4570858_1.fastq.gz;ftp.sra.ebi.ac.uk/vol1/fastq/ERR457/008/ERR4570858/ERR4570858_2.fastq.gz	ftp.sra.ebi.ac.uk/vol1/run/ERR457/ERR4570858/147-23_S47_L001_R1_001.fastq.gz;ftp.sra.ebi.ac.uk/vol1/run/ERR457/ERR4570858/147-23_S47_L001_R2_001.fastq.gz	ftp.sra.ebi.ac.uk/vol1/err/ERR457/008/ERR4570858	
ERR4570915	SAMEA7294179	ERX4506576	PRJEB40242	410661	mouse gut metagenome	ftp.sra.ebi.ac.uk/vol1/fastq/ERR457/005/ERR4570915/ERR4570915_1.fastq.gz;ftp.sra.ebi.ac.uk/vol1/fastq/ERR457/005/ERR4570915/ERR4570915_2.fastq.gz	ftp.sra.ebi.ac.uk/vol1/run/ERR457/ERR4570915/165I_S88_L001_R1_001.fastq.gz;ftp.sra.ebi.ac.uk/vol1/run/ERR457/ERR4570915/165I_S88_L001_R2_001.fastq.gz	ftp.sra.ebi.ac.uk/vol1/err/ERR457/005/ERR4570915	
ERR4570861	SAMEA7294124	ERX4506522	PRJEB40242	410661	mouse gut metagenome	ftp.sra.ebi.ac.uk/vol1/fastq/ERR457/001/ERR4570861/ERR4570861_1.fastq.gz;ftp.sra.ebi.ac.uk/vol1/fastq/ERR457/001/ERR4570861/ERR4570861_2.fastq.gz	ftp.sra.ebi.ac.uk/vol1/run/ERR457/ERR4570861/147-26_S116_L001_R1_001.fastq.gz;ftp.sra.ebi.ac.uk/vol1/run/ERR457/ERR4570861/147-26_S116_L001_R2_001.fastq.gz	ftp.sra.ebi.ac.uk/vol1/err/ERR457/001/ERR4570861	
ERR4570916	SAMEA7294180	ERX4506577	PRJEB40242	410661	mouse gut metagenome	ftp.sra.ebi.ac.uk/vol1/fastq/ERR457/006/ERR4570916/ERR4570916_1.fastq.gz;ftp.sra.ebi.ac.uk/vol1/fastq/ERR457/006/ERR4570916/ERR4570916_2.fastq.gz	ftp.sra.ebi.ac.uk/vol1/run/ERR457/ERR4570916/165J_S107_L001_R1_001.fastq.gz;ftp.sra.ebi.ac.uk/vol1/run/ERR457/ERR4570916/165J_S107_L001_R2_001.fastq.gz	ftp.sra.ebi.ac.uk/vol1/err/ERR457/006/ERR4570916	
ERR4570863	SAMEA7294126	ERX4506524	PRJEB40242	410661	mouse gut metagenome	ftp.sra.ebi.ac.uk/vol1/fastq/ERR457/003/ERR4570863/ERR4570863_1.fastq.gz;ftp.sra.ebi.ac.uk/vol1/fastq/ERR457/003/ERR4570863/ERR4570863_2.fastq.gz	ftp.sra.ebi.ac.uk/vol1/run/ERR457/ERR4570863/147-33_S140_L001_R1_001.fastq.gz;ftp.sra.ebi.ac.uk/vol1/run/ERR457/ERR4570863/147-33_S140_L001_R2_001.fastq.gz	ftp.sra.ebi.ac.uk/vol1/err/ERR457/003/ERR4570863	
ERR4570864	SAMEA7294127	ERX4506525	PRJEB40242	410661	mouse gut metagenome	ftp.sra.ebi.ac.uk/vol1/fastq/ERR457/004/ERR4570864/ERR4570864_1.fastq.gz;ftp.sra.ebi.ac.uk/vol1/fastq/ERR457/004/ERR4570864/ERR4570864_2.fastq.gz	ftp.sra.ebi.ac.uk/vol1/run/ERR457/ERR4570864/147-34_S12_L001_R1_001.fastq.gz;ftp.sra.ebi.ac.uk/vol1/run/ERR457/ERR4570864/147-34_S12_L001_R2_001.fastq.gz	ftp.sra.ebi.ac.uk/vol1/err/ERR457/004/ERR4570864	
ERR4570867	SAMEA7294130	ERX4506528	PRJEB40242	410661	mouse gut metagenome	ftp.sra.ebi.ac.uk/vol1/fastq/ERR457/007/ERR4570867/ERR4570867_1.fastq.gz;ftp.sra.ebi.ac.uk/vol1/fastq/ERR457/007/ERR4570867/ERR4570867_2.fastq.gz	ftp.sra.ebi.ac.uk/vol1/run/ERR457/ERR4570867/147-42_S17_L001_R1_001.fastq.gz;ftp.sra.ebi.ac.uk/vol1/run/ERR457/ERR4570867/147-42_S17_L001_R2_001.fastq.gz	ftp.sra.ebi.ac.uk/vol1/err/ERR457/007/ERR4570867	
ERR4570869	SAMEA7294132	ERX4506530	PRJEB40242	410661	mouse gut metagenome	ftp.sra.ebi.ac.uk/vol1/fastq/ERR457/009/ERR4570869/ERR4570869_1.fastq.gz;ftp.sra.ebi.ac.uk/vol1/fastq/ERR457/009/ERR4570869/ERR4570869_2.fastq.gz	ftp.sra.ebi.ac.uk/vol1/run/ERR457/ERR4570869/147-44_S105_L001_R1_001.fastq.gz;ftp.sra.ebi.ac.uk/vol1/run/ERR457/ERR4570869/147-44_S105_L001_R2_001.fastq.gz	ftp.sra.ebi.ac.uk/vol1/err/ERR457/009/ERR4570869	
ERR4570872	SAMEA7294135	ERX4506533	PRJEB40242	410661	mouse gut metagenome	ftp.sra.ebi.ac.uk/vol1/fastq/ERR457/002/ERR4570872/ERR4570872_1.fastq.gz;ftp.sra.ebi.ac.uk/vol1/fastq/ERR457/002/ERR4570872/ERR4570872_2.fastq.gz	ftp.sra.ebi.ac.uk/vol1/run/ERR457/ERR4570872/147-52_S20_L001_R1_001.fastq.gz;ftp.sra.ebi.ac.uk/vol1/run/ERR457/ERR4570872/147-52_S20_L001_R2_001.fastq.gz	ftp.sra.ebi.ac.uk/vol1/err/ERR457/002/ERR4570872	
ERR4570874	SAMEA7294137	ERX4506535	PRJEB40242	410661	mouse gut metagenome	ftp.sra.ebi.ac.uk/vol1/fastq/ERR457/004/ERR4570874/ERR4570874_1.fastq.gz;ftp.sra.ebi.ac.uk/vol1/fastq/ERR457/004/ERR4570874/ERR4570874_2.fastq.gz	ftp.sra.ebi.ac.uk/vol1/run/ERR457/ERR4570874/147-54_S70_L001_R1_001.fastq.gz;ftp.sra.ebi.ac.uk/vol1/run/ERR457/ERR4570874/147-54_S70_L001_R2_001.fastq.gz	ftp.sra.ebi.ac.uk/vol1/err/ERR457/004/ERR4570874	
ERR4570875	SAMEA7294138	ERX4506536	PRJEB40242	410661	mouse gut metagenome	ftp.sra.ebi.ac.uk/vol1/fastq/ERR457/005/ERR4570875/ERR4570875_1.fastq.gz;ftp.sra.ebi.ac.uk/vol1/fastq/ERR457/005/ERR4570875/ERR4570875_2.fastq.gz	ftp.sra.ebi.ac.uk/vol1/run/ERR457/ERR4570875/147-55_S78_L001_R1_001.fastq.gz;ftp.sra.ebi.ac.uk/vol1/run/ERR457/ERR4570875/147-55_S78_L001_R2_001.fastq.gz	ftp.sra.ebi.ac.uk/vol1/err/ERR457/005/ERR4570875	
ERR4570877	SAMEA7294140	ERX4506538	PRJEB40242	410661	mouse gut metagenome	ftp.sra.ebi.ac.uk/vol1/fastq/ERR457/007/ERR4570877/ERR4570877_1.fastq.gz;ftp.sra.ebi.ac.uk/vol1/fastq/ERR457/007/ERR4570877/ERR4570877_2.fastq.gz	ftp.sra.ebi.ac.uk/vol1/run/ERR457/ERR4570877/147-6_S136_L001_R1_001.fastq.gz;ftp.sra.ebi.ac.uk/vol1/run/ERR457/ERR4570877/147-6_S136_L001_R2_001.fastq.gz	ftp.sra.ebi.ac.uk/vol1/err/ERR457/007/ERR4570877	
ERR4570878	SAMEA7294141	ERX4506539	PRJEB40242	410661	mouse gut metagenome	ftp.sra.ebi.ac.uk/vol1/fastq/ERR457/008/ERR4570878/ERR4570878_1.fastq.gz;ftp.sra.ebi.ac.uk/vol1/fastq/ERR457/008/ERR4570878/ERR4570878_2.fastq.gz	ftp.sra.ebi.ac.uk/vol1/run/ERR457/ERR4570878/147-7_S91_L001_R1_001.fastq.gz;ftp.sra.ebi.ac.uk/vol1/run/ERR457/ERR4570878/147-7_S91_L001_R2_001.fastq.gz	ftp.sra.ebi.ac.uk/vol1/err/ERR457/008/ERR4570878	
ERR4570882	SAMEA7294145	ERX4506543	PRJEB40242	410661	mouse gut metagenome	ftp.sra.ebi.ac.uk/vol1/fastq/ERR457/002/ERR4570882/ERR4570882_1.fastq.gz;ftp.sra.ebi.ac.uk/vol1/fastq/ERR457/002/ERR4570882/ERR4570882_2.fastq.gz	ftp.sra.ebi.ac.uk/vol1/run/ERR457/ERR4570882/165-10_S100_L001_R1_001.fastq.gz;ftp.sra.ebi.ac.uk/vol1/run/ERR457/ERR4570882/165-10_S100_L001_R2_001.fastq.gz	ftp.sra.ebi.ac.uk/vol1/err/ERR457/002/ERR4570882	
ERR4570883	SAMEA7294146	ERX4506544	PRJEB40242	410661	mouse gut metagenome	ftp.sra.ebi.ac.uk/vol1/fastq/ERR457/003/ERR4570883/ERR4570883_1.fastq.gz;ftp.sra.ebi.ac.uk/vol1/fastq/ERR457/003/ERR4570883/ERR4570883_2.fastq.gz	ftp.sra.ebi.ac.uk/vol1/run/ERR457/ERR4570883/165-13_S35_L001_R1_001.fastq.gz;ftp.sra.ebi.ac.uk/vol1/run/ERR457/ERR4570883/165-13_S35_L001_R2_001.fastq.gz	ftp.sra.ebi.ac.uk/vol1/err/ERR457/003/ERR4570883	
ERR4570884	SAMEA7294147	ERX4506545	PRJEB40242	410661	mouse gut metagenome	ftp.sra.ebi.ac.uk/vol1/fastq/ERR457/004/ERR4570884/ERR4570884_1.fastq.gz;ftp.sra.ebi.ac.uk/vol1/fastq/ERR457/004/ERR4570884/ERR4570884_2.fastq.gz	ftp.sra.ebi.ac.uk/vol1/run/ERR457/ERR4570884/165-14_S3_L001_R1_001.fastq.gz;ftp.sra.ebi.ac.uk/vol1/run/ERR457/ERR4570884/165-14_S3_L001_R2_001.fastq.gz	ftp.sra.ebi.ac.uk/vol1/err/ERR457/004/ERR4570884	
ERR4570886	SAMEA7294149	ERX4506547	PRJEB40242	410661	mouse gut metagenome	ftp.sra.ebi.ac.uk/vol1/fastq/ERR457/006/ERR4570886/ERR4570886_1.fastq.gz;ftp.sra.ebi.ac.uk/vol1/fastq/ERR457/006/ERR4570886/ERR4570886_2.fastq.gz	ftp.sra.ebi.ac.uk/vol1/run/ERR457/ERR4570886/165-16_S21_L001_R1_001.fastq.gz;ftp.sra.ebi.ac.uk/vol1/run/ERR457/ERR4570886/165-16_S21_L001_R2_001.fastq.gz	ftp.sra.ebi.ac.uk/vol1/err/ERR457/006/ERR4570886	
ERR4570887	SAMEA7294150	ERX4506548	PRJEB40242	410661	mouse gut metagenome	ftp.sra.ebi.ac.uk/vol1/fastq/ERR457/007/ERR4570887/ERR4570887_1.fastq.gz;ftp.sra.ebi.ac.uk/vol1/fastq/ERR457/007/ERR4570887/ERR4570887_2.fastq.gz	ftp.sra.ebi.ac.uk/vol1/run/ERR457/ERR4570887/165-17_S40_L001_R1_001.fastq.gz;ftp.sra.ebi.ac.uk/vol1/run/ERR457/ERR4570887/165-17_S40_L001_R2_001.fastq.gz	ftp.sra.ebi.ac.uk/vol1/err/ERR457/007/ERR4570887	
ERR4570888	SAMEA7294151	ERX4506549	PRJEB40242	410661	mouse gut metagenome	ftp.sra.ebi.ac.uk/vol1/fastq/ERR457/008/ERR4570888/ERR4570888_1.fastq.gz;ftp.sra.ebi.ac.uk/vol1/fastq/ERR457/008/ERR4570888/ERR4570888_2.fastq.gz	ftp.sra.ebi.ac.uk/vol1/run/ERR457/ERR4570888/165-18-2_S143_L001_R1_001.fastq.gz;ftp.sra.ebi.ac.uk/vol1/run/ERR457/ERR4570888/165-18-2_S143_L001_R2_001.fastq.gz	ftp.sra.ebi.ac.uk/vol1/err/ERR457/008/ERR4570888	
ERR4570899	SAMEA7294162	ERX4506560	PRJEB40242	410661	mouse gut metagenome	ftp.sra.ebi.ac.uk/vol1/fastq/ERR457/009/ERR4570899/ERR4570899_1.fastq.gz;ftp.sra.ebi.ac.uk/vol1/fastq/ERR457/009/ERR4570899/ERR4570899_2.fastq.gz	ftp.sra.ebi.ac.uk/vol1/run/ERR457/ERR4570899/165-39_S63_L001_R1_001.fastq.gz;ftp.sra.ebi.ac.uk/vol1/run/ERR457/ERR4570899/165-39_S63_L001_R2_001.fastq.gz	ftp.sra.ebi.ac.uk/vol1/err/ERR457/009/ERR4570899	
ERR4570900	SAMEA7294163	ERX4506561	PRJEB40242	410661	mouse gut metagenome	ftp.sra.ebi.ac.uk/vol1/fastq/ERR457/000/ERR4570900/ERR4570900_1.fastq.gz;ftp.sra.ebi.ac.uk/vol1/fastq/ERR457/000/ERR4570900/ERR4570900_2.fastq.gz	ftp.sra.ebi.ac.uk/vol1/run/ERR457/ERR4570900/165-40_S125_L001_R1_001.fastq.gz;ftp.sra.ebi.ac.uk/vol1/run/ERR457/ERR4570900/165-40_S125_L001_R2_001.fastq.gz	ftp.sra.ebi.ac.uk/vol1/err/ERR457/000/ERR4570900	
ERR4570901	SAMEA7294164	ERX4506562	PRJEB40242	410661	mouse gut metagenome	ftp.sra.ebi.ac.uk/vol1/fastq/ERR457/001/ERR4570901/ERR4570901_1.fastq.gz;ftp.sra.ebi.ac.uk/vol1/fastq/ERR457/001/ERR4570901/ERR4570901_2.fastq.gz	ftp.sra.ebi.ac.uk/vol1/run/ERR457/ERR4570901/165-47_S50_L001_R1_001.fastq.gz;ftp.sra.ebi.ac.uk/vol1/run/ERR457/ERR4570901/165-47_S50_L001_R2_001.fastq.gz	ftp.sra.ebi.ac.uk/vol1/err/ERR457/001/ERR4570901	
ERR4570905	SAMEA7294169	ERX4506566	PRJEB40242	410661	mouse gut metagenome	ftp.sra.ebi.ac.uk/vol1/fastq/ERR457/005/ERR4570905/ERR4570905_1.fastq.gz;ftp.sra.ebi.ac.uk/vol1/fastq/ERR457/005/ERR4570905/ERR4570905_2.fastq.gz	ftp.sra.ebi.ac.uk/vol1/run/ERR457/ERR4570905/165-51_S90_L001_R1_001.fastq.gz;ftp.sra.ebi.ac.uk/vol1/run/ERR457/ERR4570905/165-51_S90_L001_R2_001.fastq.gz	ftp.sra.ebi.ac.uk/vol1/err/ERR457/005/ERR4570905	
ERR4570907	SAMEA7294171	ERX4506568	PRJEB40242	410661	mouse gut metagenome	ftp.sra.ebi.ac.uk/vol1/fastq/ERR457/007/ERR4570907/ERR4570907_1.fastq.gz;ftp.sra.ebi.ac.uk/vol1/fastq/ERR457/007/ERR4570907/ERR4570907_2.fastq.gz	ftp.sra.ebi.ac.uk/vol1/run/ERR457/ERR4570907/165-58_S114_L001_R1_001.fastq.gz;ftp.sra.ebi.ac.uk/vol1/run/ERR457/ERR4570907/165-58_S114_L001_R2_001.fastq.gz	ftp.sra.ebi.ac.uk/vol1/err/ERR457/007/ERR4570907	
ERR4570910	SAMEA7294174	ERX4506571	PRJEB40242	410661	mouse gut metagenome	ftp.sra.ebi.ac.uk/vol1/fastq/ERR457/000/ERR4570910/ERR4570910_1.fastq.gz;ftp.sra.ebi.ac.uk/vol1/fastq/ERR457/000/ERR4570910/ERR4570910_2.fastq.gz	ftp.sra.ebi.ac.uk/vol1/run/ERR457/ERR4570910/165-61_S149_L001_R1_001.fastq.gz;ftp.sra.ebi.ac.uk/vol1/run/ERR457/ERR4570910/165-61_S149_L001_R2_001.fastq.gz	ftp.sra.ebi.ac.uk/vol1/err/ERR457/000/ERR4570910	
ERR4570911	SAMEA7294175	ERX4506572	PRJEB40242	410661	mouse gut metagenome	ftp.sra.ebi.ac.uk/vol1/fastq/ERR457/001/ERR4570911/ERR4570911_1.fastq.gz;ftp.sra.ebi.ac.uk/vol1/fastq/ERR457/001/ERR4570911/ERR4570911_2.fastq.gz	ftp.sra.ebi.ac.uk/vol1/run/ERR457/ERR4570911/165-8_S33_L001_R1_001.fastq.gz;ftp.sra.ebi.ac.uk/vol1/run/ERR457/ERR4570911/165-8_S33_L001_R2_001.fastq.gz	ftp.sra.ebi.ac.uk/vol1/err/ERR457/001/ERR4570911	
ERR4570912	SAMEA7294176	ERX4506573	PRJEB40242	410661	mouse gut metagenome	ftp.sra.ebi.ac.uk/vol1/fastq/ERR457/002/ERR4570912/ERR4570912_1.fastq.gz;ftp.sra.ebi.ac.uk/vol1/fastq/ERR457/002/ERR4570912/ERR4570912_2.fastq.gz	ftp.sra.ebi.ac.uk/vol1/run/ERR457/ERR4570912/165-9_S18_L001_R1_001.fastq.gz;ftp.sra.ebi.ac.uk/vol1/run/ERR457/ERR4570912/165-9_S18_L001_R2_001.fastq.gz	ftp.sra.ebi.ac.uk/vol1/err/ERR457/002/ERR4570912	
ERR4570913	SAMEA7294177	ERX4506574	PRJEB40242	410661	mouse gut metagenome	ftp.sra.ebi.ac.uk/vol1/fastq/ERR457/003/ERR4570913/ERR4570913_1.fastq.gz;ftp.sra.ebi.ac.uk/vol1/fastq/ERR457/003/ERR4570913/ERR4570913_2.fastq.gz	ftp.sra.ebi.ac.uk/vol1/run/ERR457/ERR4570913/165G_S76_L001_R1_001.fastq.gz;ftp.sra.ebi.ac.uk/vol1/run/ERR457/ERR4570913/165G_S76_L001_R2_001.fastq.gz	ftp.sra.ebi.ac.uk/vol1/err/ERR457/003/ERR4570913	
